<?xml version="1.0" encoding="UTF-8"?>
<templates id="template_quick_publish" xml:space="preserve">

    <t t-name="QuickWebsitePublishButton">
        <button type="button" class="btn oe_stat_button">
            <i class="fa fa-fw o_button_icon fa-globe"/>
            <div class="o_stat_info">
                    <span class="o_stat_text">
                        <t t-if="widget.value">
                            Quick<br/>Unpublish
                        </t>
                        <t t-if="!widget.value">
                            Quick<br/>Publish
                        </t>
                    </span>
            </div>
        </button>
    </t>

</templates>
