<?xml version="1.0" encoding="UTF-8"?>
<templates id="template" xml:space="preserve">
	<t t-name="One2manyDelete">
		<div>
			<button t-if="!widget.get('effective_readonly')" style="margin-bottom: 1%;display:none;"
                    class="button_delete_order_lines"
                    href="javascript:void(0)">
					<span class="fa fa-trash"/>
				</button>
            <button t-if="!widget.get('effective_readonly')" style="margin-bottom: 1%;display:none;"
                    class="button_select_order_lines"
                    href="javascript:void(0)">
					<span class="fa fa-check"/>
				</button>
            <t t-if="widget.get('effective_readonly')">
				<span class="oe_form_char_content"></span>
			</t>
		</div>
    </t>
</templates>
