<templates>
    <t t-name="TrialTemp" >
        <div class="">
            <div class="">
                <h1 style="padding:10px">
                    Trial Balance
                </h1>

            </div>

            <div>
                <div class="filter_view_tb"></div>
            </div>
            <br></br>
            <div>
                <div class="table_view_tb" style="right:20px;"></div>
            </div>
        </div>
    </t>
    <t t-name="TrialTable">
        <div>
            <div class="table_main_view">
                <table cellspacing="0" width="100%">
                    <thead>
                        <tr>
                            <th colspan="6">Account</th>
                            <t t-if="filter['date_from']">
                                <th class="mon_fld">Initial Debit</th>
                                <th class="mon_fld">Initial Credit</th>

                            </t>
                            <th class="mon_fld">Debit</th>
                            <th class="mon_fld">Credit</th>
                        </tr>
                    </thead>

                    <tbody>

                        <t t-set="none_value" t-value="_"/>
                        <t t-foreach="report_lines" t-as="account">
                            <t t-set="common_id" t-value="0"/>
                            <tr style="border: 1.5px solid black;" class="gl-line"
                                data-toggle="collapse"
                                t-att-data-account-id="account['id']"
                                t-attf-data-target=".a{{account['id']}}">
                                <td colspan="6" style="border: 0px solid black;">
                                    <span>
                                        <t t-esc="account['code']"/>
                                        -
                                        <t t-esc="account['name']"/>
                                    </span>
                                    <div class="dropdown" style="display: inline-block;">
                                        <a type="button" class="fa fa-caret-down" data-toggle="dropdown"
                                           aria-expanded="false">
                                        </a>
                                        <div class="dropdown-menu " role="menu">
                                            <div class="o_foldable_menu o_closed_menu ">
                                                <div class="form-group ">
                                                    <div class="show-gl" aria-atomic="true" id="" data-target-input="">
                                                        <li role="presentation">
                                                            <a role="menuitem" style="background-color:aqua; font-weight:bold;"
                                                               t-att-data-account-id="account['id']" class="show-gl">
                                                                View General Ledger
                                                            </a>
                                                        </li>
                                                    </div>
                                                </div>

                                            </div>
                                        </div>
                                    </div>
                                </td>
                                <t t-if="filter['date_from']">
                                    <t t-if="account['Init_balance']">
                                        <t t-if="currency[1] == 'before'">

                                            <td class="mon_fld">
                                                <t t-esc="currency[0]"/>
                                                <t t-out="account['Init_balance']['debit']"/>
                                            </td>
                                            <td class="mon_fld">
                                                <t t-esc="currency[0]"/>
                                                <t t-out="account['Init_balance']['credit']"/>
                                            </td>
                                        </t>
                                        <t t-else="">
                                            <td class="mon_fld">
                                                <t t-out="account['Init_balance']['debit']"/>
                                                <t t-esc="currency[0]"/>
                                            </td>
                                            <td class="mon_fld">
                                                <t t-out="account['Init_balance']['credit']"/>
                                                <t t-esc="currency[0]"/>
                                            </td>


                                        </t>
                                    </t>
                                    <t t-else="">
                                        <t t-if="currency[1] == 'before'">
                                            <td class="mon_fld">
                                                <t t-esc="currency[0]"/>0
                                            </td>
                                            <td class="mon_fld">
                                                <t t-esc="currency[0]"/>0
                                            </td>
                                        </t>
                                        <t t-else="">
                                            <td class="mon_fld">
                                                0
                                                <t t-esc="currency[0]"/>
                                            </td>
                                            <td class="mon_fld">
                                                0
                                                <t t-esc="currency[0]"/>
                                            </td>
                                        </t>
                                    </t>
                                </t>
                                <t t-if="currency[1] == 'before'">
                                    <td class="mon_fld">
                                        <t t-esc="currency[0]"/>
                                        <t t-out="account['debit']"/>
                                    </td>
                                    <td class="mon_fld">
                                        <t t-esc="currency[0]"/>
                                        <t t-out="account['credit']"/>
                                    </td>

                                </t>
                                <t t-else="">
                                    <td class="mon_fld">
                                        <t t-out="account['debit']"/>
                                        <t t-esc="currency[0]"/>
                                    </td>
                                    <td class="mon_fld">
                                        <t t-out="account['credit']"/>
                                        <t t-esc="currency[0]"/>
                                    </td>

                                </t>

                                <t t-set="common_id" t-value="'a'+account['id']"/>
                            </tr>
                        </t>
                        <td colspan="6" style="" class="">
                            <strong>Total</strong>
                        </td>
                        <t t-if="filter['date_from']">

                            <td class="mon_fld" style="">
                                <strong></strong>
                            </td>
                            <td class="mon_fld" style="">
                                <strong></strong>
                            </td>
                        </t>
                        <t t-if="currency[1] == 'before'">
                            <td class="mon_fld" style="">
                                <strong>
                                    <t t-esc="currency[0]"/>
<!--                                    <t t-out="Math.round(debit_total * Math.pow(10, 2)) / Math.pow(10, 2)"/>-->
                                    <t t-esc="debit_total"/>
                                </strong>
                            </td>
                            <td class="mon_fld" style="">
                                <strong>
                                    <t t-esc="currency[0]"/>
<!--                                    <t t-out="Math.round(credit_total * Math.pow(10, 2)) / Math.pow(10, 2)"/>-->
                                    <t t-esc="credit_total"/>
                                </strong>
                            </td>
                        </t>
                        <t t-else="">

                            <td class="mon_fld" style="">
                                <strong>
                                    <t t-out="Math.round(debit_total * Math.pow(10, 2)) / Math.pow(10, 2)"/>
                                    <t t-esc="currency[0]"/>
                                </strong>
                            </td>
                            <td class="mon_fld" style="">
                                <strong>
                                    <t t-out="Math.round(credit_total * Math.pow(10, 2)) / Math.pow(10, 2)"/>
                                    <t t-esc="currency[0]"/>
                                </strong>
                            </td>
                        </t>

                    </tbody>

                </table>
            </div>
        </div>
    </t>


    <t t-name="TrialFilterView">
        <div class="row" style="margin-right: 10px; margin-left: 10px;">
            <div class="sub_container_left" style="width:70%;">
                <div class="report_print">
                    <button type="button" class="btn btn-primary" id="pdf"
                            style="position: relative;height:30px;color:white;background-color: #00A0AD;border-color: #00A0AD; padding:3px;">
                        Print (PDF)
                    </button>
                    <button type="button" class="btn btn-primary" id="xlsx"
                            style="position: relative;height:30px;color:white;background-color: #00A0AD;border-color: #00A0AD; padding:3px;">
                        Export (XLSX)
                    </button>
                </div>
            </div>
            <br></br>
            <div class="sub_container_right row" style="width:30%;height:3%;top:0px;position: relative;">

                        <div class="time_range" style="">
                            <a type="button" class="dropdown-toggle" data-toggle="dropdown" >
                                <span class="fa fa-calendar" title="Dates" role="img" aria-label="Dates"></span>
                                Date Range
                            </a>
                            <div class="dropdown-menu" role="menu">
                                <div class="form-group">
                                    <label class="" for="date_from">Start Date :</label>
                                        <div class="input-group date" id="date_from" data-target-input="nearest">
<!--                                            <t t-set='date_formatted'><t t-options='{"widget": "date"}' t-esc="filter_data.date_from"/></t>-->
<!--                                            <input type="text" name="date_from" class="form-control datetimepicker-input" t-att-value="date_formatted"  data-target="#date_from" t-att-name="prefix"/>-->
                                            <input type="text" name="date_from" class="form-control datetimepicker-input" data-target="#date_from" t-att-name="prefix"/>

                                            <div class="input-group-append" data-target="#date_from" data-toggle="datetimepicker">
                                                <span class="input-group-text">
                                                    <span class="fa fa-calendar" role="img" aria-label="Calendar"></span>
                                                </span>
                                            </div>
                                        </div>

                                    <label class="" for="date_to">End Date :</label>
                                    <div class="input-group date" id="date_to" data-target-input="nearest">

                                        <input type="text" name="date_to" class="form-control datetimepicker-input" data-target="#date_to" t-att-name="prefix"/>
                                        <div class="input-group-append" data-target="#date_to" data-toggle="datetimepicker">
                                            <span class="input-group-text">
                                                <span class="fa fa-calendar" role="img" aria-label="Calendar"></span>
                                            </span>
                                        </div>
                                    </div>

                                </div>
                            </div>
                        </div>
                        <div class="journals_filter" style="">
                            <a type="button" class="dropdown-toggle" data-toggle="dropdown">
                                <span class="fa fa-book"></span>
                                Journals:
                            </a>
                            <select class="dropdown-menu  journals" name="states[]" multiple="multiple">
                                <div role="separator" class="dropdown-divider"></div>
                                <t t-foreach="filter_data.journals_list" t-as="journal">
                                    <option t-attf-value="{{journal[0]}}">
                                        <t t-esc="journal[1]"/>
                                    </option>
                                </t>
                            </select>
                            <span id="journal_res"></span>
                        </div>

                        <div class="search-Target-move" style="">
                            <a type="button" class="dropdown-toggle" data-toggle="dropdown">
                                <span class="fa fa-filter"></span>
                                Target Move:
                            </a>
                            <select id="entries" class="dropdown-menu target_move" name="states[]">
                                <div role="separator" class="dropdown-divider"></div>
                                <option value="Posted">Posted Entries</option>
                                <option value="All">All Entries</option>
                            </select>
                            <span id="post_res"></span>
                        </div>
                        <div style="">
                            <button type="button" id="apply_filter" class="btn btn-primary"
                                    style="top:0px;height:30px;color:white;background-color: #00A0AD;border-color: #00A0AD;">
                                Apply
                            </button>

                        </div>
<!--                    </div>-->


<!--                </div>-->

            </div>
        </div>
    </t>

</templates>